{"val_r2":0.10633504256606102,"_wandb":{"runtime":340},"_timestamp":1.7443344159520864e+09,"_runtime":310.298310318,"_step":9,"train_loss":0.1919574400858034,"train_r2":0.08579355583207894,"loss":0.19297569006681442}