{"_runtime":50,"metric":[0.19691923397169026,0.30900243309002434],"_timestamp":1.7546805618222523e+09,"_step":0,"_wandb":{"runtime":50}}