{"_runtime":4981.368025261,"_step":48,"train_loss":1.8599428848863635e+06,"loss":1.5471785102272728e+06,"_wandb":{"runtime":5043},"_timestamp":1.7440802487009227e+09}