{"_runtime":109769.660836416,"_step":299,"batch":29900,"ctc_loss":0.19428502985861448,"_wandb":{"runtime":110003},"cer":0.5793410536094693,"time_per_batch":3.627785158157349,"_timestamp":1.7427725326032047e+09}