{"_timestamp":1.7423475288165758e+09,"_runtime":16.330344153,"_step":0,"batch":0,"_wandb":{"runtime":17},"ctc_loss":5.675541469029018,"cer":0.9621559159754034,"time_per_batch":0.0490281343460083}