{"train_loss":0.9312473477427342,"loss":0.9352714568376541,"_timestamp":1.7441729100106514e+09,"_runtime":1041.750792494,"_step":67,"_wandb":{"runtime":1048}}