{"_wandb":{"runtime":11671},"_step":419,"train_loss":0.16316383761129802,"train_r2":0.2232196041488949,"loss":0.16396450102329255,"val_r2":0.24185052275657654,"_timestamp":1.7443355424815187e+09,"_runtime":11664.058215046}