{"loss":0.0012242523056920618,"_wandb":{"runtime":19017},"val_r2":-0.00011375583708286285,"_timestamp":1.7443238201415014e+09,"_runtime":18998.762710038,"_step":669,"train_loss":0.0008267750249327532,"train_r2":-0.0005962303073345861}