{"time_per_batch":0.42631747007369997,"_timestamp":1.7423371752205844e+09,"_runtime":88.80789251,"_wandb":{"runtime":112},"_step":2,"batch":200,"ctc_loss":2.37866701398577,"cer":0.6972060583549998}