{"_step":17,"train_loss":0.18382787742192233,"train_r2":0.1227956771072519,"_wandb":{"runtime":636},"loss":0.1873745971918106,"val_r2":0.13000956207513809,"_timestamp":1.744339094010429e+09,"_runtime":614.262886776}