{"_timestamp":1.7546826850049725e+09,"_step":0,"_wandb":{"runtime":1009},"_runtime":1009,"metric":[0.07071000544761213,0.09801782142207674]}