{"_step":1,"train_loss":0.2113670177471179,"loss":0.21319415352561258,"_wandb":{"runtime":78},"_timestamp":1.7442289347170978e+09,"_runtime":62.670705865}