{"_runtime":215.322850374,"_wandb":{"runtime":217},"_step":33,"train_loss":0.9480026837151784,"loss":0.9949929985133085,"_timestamp":1.7442196101397943e+09}