{"_runtime":67.65116874,"_step":1,"train_loss":0.33027995311761205,"train_r2":0.010311878566288306,"loss":0.19761990547180175,"val_r2":0.05875597078353167,"_timestamp":1.7444414108756242e+09,"_wandb":{"runtime":82}}