{"_step":0,"batch":0,"ctc_loss":5.9557920183454245,"cer":0.9609178325285791,"time_per_batch":0.021859152317047117,"_wandb":{"runtime":16},"_timestamp":1.742346012275742e+09,"_runtime":7.920865265}