{"_runtime":997,"_step":0,"metric":[0.07419647721082259,0.1032915075468267],"_timestamp":1.7546816741602376e+09,"_wandb":{"runtime":997}}