{"loss":0.9905512117801752,"_timestamp":1.7441717758029966e+09,"_runtime":75.799228481,"_step":1,"_wandb":{"runtime":96},"train_loss":0.9876797592639923}