{"_wandb":{"runtime":26},"train_loss":0.9308537986615429,"loss":0.9972208380699158,"_timestamp":1.744219743990605e+09,"_runtime":22.05266484,"_step":0}