{"train_loss":0.18308049987388564,"train_r2":0.12555218825140332,"loss":0.1818094801902771,"val_r2":0.15597470819950104,"_timestamp":1.744329085780655e+09,"_runtime":674.065365787,"_step":23,"_wandb":{"runtime":676}}