{"_timestamp":1.7443520608470204e+09,"_runtime":12449.324113969,"_step":385,"train_loss":0.15715408617559867,"_wandb":{"runtime":12466},"train_r2":0.24380214969757236,"loss":0.1593140271306038,"val_r2":0.2563288068771362}