{"_step":286,"_wandb":{"runtime":5906},"train_loss":0.8920788799627469,"loss":0.9519256407564337,"_timestamp":1.744225653959514e+09,"_runtime":5893.737009745}