{"time_per_batch":0.7552897047996521,"_timestamp":1.7429183812348025e+09,"_runtime":137.901779677,"_wandb":{"runtime":257},"_step":2,"batch":200,"ctc_loss":2.712428229195731,"cer":0.8968676488795345}