{"loss":0.9423737530421493,"_timestamp":1.7441707693371606e+09,"_runtime":2246.282788794,"_step":84,"_wandb":{"runtime":2268},"train_loss":0.9390542948246002}