{"_runtime":361.541719326,"_step":9,"_wandb":{"runtime":391},"train_loss":0.9770417089297854,"loss":0.9780777240158024,"_timestamp":1.7441711679243853e+09}