{"loss":0.988180461857054,"_timestamp":1.7441730604863982e+09,"_wandb":{"runtime":125},"_runtime":113.998941956,"_step":2,"train_loss":0.9856189911409935}