{"_runtime":108.979797963,"_step":2,"_wandb":{"runtime":125},"train_loss":0.9908709731184203,"loss":0.9948263746455199,"_timestamp":1.7441716601595778e+09}