{"_runtime":387.878156259,"_wandb":{"runtime":423},"_step":8,"batch":800,"ctc_loss":1.8193114144461495,"cer":0.48982708101192685,"time_per_batch":0.48625744342803956,"_timestamp":1.7429188934363952e+09}