{"_step":99,"batch":9900,"ctc_loss":0.6383995643028846,"_wandb":{"runtime":30358},"cer":0.7292777857863629,"time_per_batch":3.058199601173401,"_timestamp":1.74263339963699e+09,"_runtime":30179.105251247}