{"train_r2":0.2348965772816652,"loss":0.16067218840122222,"_wandb":{"runtime":55937},"val_r2":0.24972074508666992,"_timestamp":1.7444083984324691e+09,"_runtime":55925.402541558,"_step":2135,"train_loss":0.15901777379309076}