{"batch":0,"ctc_loss":6.486124311174665,"cer":0.9930667326977838,"time_per_batch":0.01977565050125122,"_timestamp":1.7429182253983107e+09,"_runtime":6.299713675,"_wandb":{"runtime":19},"_step":0}