{"_step":0,"train_loss":45.78404342675511,"train_r2":-0.00029848901189486436,"loss":37.040349349975585,"val_r2":-0.00011468861252069474,"_wandb":{"runtime":56},"_timestamp":1.7443044642578344e+09,"_runtime":31.485893793}