{"_timestamp":1.7441684992488365e+09,"_runtime":481.022228609,"_step":17,"_wandb":{"runtime":499},"train_loss":0.9781115131131534,"loss":0.9776260449474019}