{"_timestamp":1.7547006065819786e+09,"_wandb":{"runtime":1987},"_runtime":1987,"_step":0,"metric":[0.07270746322861812,0.10038188761593017]}