{"loss":1.5087113865056818e+06,"_timestamp":1.7440752310182962e+09,"_runtime":203.306499915,"_step":1,"_wandb":{"runtime":226}}