{"_wandb":{"runtime":11596},"_timestamp":1.7443383207940865e+09,"_runtime":11578.364081194,"_step":416,"train_loss":0.16208953264204762,"train_r2":0.22699988284442998,"loss":0.16331245869398117,"val_r2":0.24308390736579896}