{"_step":1852,"_wandb":{"runtime":49475},"train_loss":0.15543665289437983,"train_r2":0.24586876653707945,"loss":0.14240643511024806,"val_r2":0.2560107961583596,"_timestamp":1.7443038872611027e+09,"_runtime":49474.032968946}