{"_wandb":{"runtime":1857},"val_r2":0.20064748466014862,"_timestamp":1.7443395509003582e+09,"_runtime":1844.480469839,"_step":54,"train_loss":0.1723339862744265,"train_r2":0.17338827035472362,"loss":0.17167286694049835}