{"val_r2":0.1794283151805044,"_wandb":{"runtime":12750},"_timestamp":1.7444888895284805e+09,"_runtime":12727.335998555,"_step":222,"train_loss":0.1514954666296641,"train_r2":0.15754444852543337,"loss":0.1505936526074381}