{"_step":5,"_wandb":{"runtime":61},"train_loss":0.9452828004383124,"loss":0.990300021388314,"_timestamp":1.7442196785153275e+09,"_runtime":54.998934606}