{"_step":1067,"train_loss":0.2861135257290134,"train_r2":0.13474428733881516,"loss":0.15994250327348708,"val_r2":0.23101498186588287,"_wandb":{"runtime":34469},"_timestamp":1.7444759363056276e+09,"_runtime":34439.303066137}