{"loss":0.15999470502138138,"_wandb":{"runtime":12001},"val_r2":0.25264999628067014,"_timestamp":1.7443520626265943e+09,"_runtime":11980.109422489,"_step":262,"train_loss":0.15912097631187377,"train_r2":0.23493501001709624}