{"_runtime":41059.23338548,"_step":1717,"_wandb":{"runtime":41072},"train_loss":0.8689398741492859,"loss":0.9285374283790588,"_timestamp":1.744218793551553e+09}