{"_step":1,"train_loss":0.20645299247359927,"train_r2":0.027089998235077233,"loss":0.20670389950275422,"val_r2":0.052110510654747484,"_timestamp":1.7443521813053694e+09,"_runtime":84.718141946,"_wandb":{"runtime":105}}