{"val_r2":0.211004798412323,"_timestamp":1.7443338485183382e+09,"_wandb":{"runtime":4561},"_runtime":4552.351852177,"_step":177,"train_loss":0.16867170308398294,"train_r2":0.19047498865689658,"loss":0.1693015456199646}