{"_wandb":{"runtime":5124},"val_r2":0.2292467799782753,"_timestamp":1.7443395586294453e+09,"_runtime":5100.367435254,"_step":165,"train_loss":0.1647762395913088,"train_r2":0.20883348824668535,"loss":0.16509444743394852}