{"train_loss":0.9902077718669037,"loss":0.9873237422806151,"_timestamp":1.7441777041438372e+09,"_runtime":77.741389261,"_step":0,"_wandb":{"runtime":80}}