{"_step":8,"_wandb":{"runtime":335},"train_loss":0.9548631729750797,"loss":0.9559915549773023,"_timestamp":1.7441715263505113e+09,"_runtime":322.96947602}