{"_wandb":{"runtime":503},"train_loss":0.9443394005298614,"loss":0.9881344600157305,"_timestamp":1.7442193444286246e+09,"_runtime":489.30992466,"_step":11}