{"_timestamp":1.7429181522860067e+09,"_runtime":5.3426788290000005,"_step":0,"batch":0,"ctc_loss":6.553791046142578,"_wandb":{"runtime":58},"cer":0.9882794767033964,"time_per_batch":0.015026695728302002}