{"val_r2":0.170343050211668,"_timestamp":1.7443267099303572e+09,"_wandb":{"runtime":1375},"_runtime":1351.688612607,"_step":48,"train_loss":0.1801343227300463,"train_r2":0.14525496403250512,"loss":0.17941215097904206}