{"loss":0.16502164632081986,"val_r2":0.23092759758234024,"_timestamp":1.7443520594788637e+09,"_runtime":11792.844218647,"_step":452,"train_loss":0.1640397904417183,"train_r2":0.21190128055743024,"_wandb":{"runtime":11806}}