{"val_r2":0.2297917225956917,"_wandb":{"runtime":34514},"_timestamp":1.7444759592625494e+09,"_runtime":34512.043114718,"_step":1060,"train_loss":0.28638152910184256,"train_r2":0.13410555842462218,"loss":0.160160511136055}