{"_step":53,"_wandb":{"runtime":2974},"train_loss":0.9356114531385488,"loss":0.937913595733786,"_timestamp":1.7441760421311853e+09,"_runtime":2960.856779464}