{"batch":500,"ctc_loss":1.8865720203944616,"cer":0.5208617060789897,"time_per_batch":0.41823952198028563,"_wandb":{"runtime":247},"_timestamp":1.7423365162168e+09,"_runtime":213.069285964,"_step":5}